URL,Anchor
http://www.matrix.io,"<img src=""/templets/matrix/en/img/logo_03.png"" alt="""" />"
https://www.matrix.io/index.html,HOME
https://tom.matrix.io,MAINNET
https://wallet.matrix.io/,WEB WALLET
https://www.matrix.io/team/,TEAM
https://github.com/MatrixAINetwork,DEVELOPER
https://www.matrix.io/index.html#partners,PARTNERS
https://www.matrix.io/index.html#exchanges,EXCHANGES
https://www.matrix.io/artifacts/,ARTIFACTS
https://www.matrix.io/news/,NEWS
https://www.matrix.io/faq/,FAQ
https://www.matrix.io/downloads/,DOWNLOADS
https://www.matrix.io/index.html#contact_us,CONTACT US
https://www.matrix.io/downloads/,"<span class=""caret""></span>"
https://www.matrix.io/downloads/,
https://t.me/matrixainetwork,
https://www.facebook.com/MatrixAINetworks,
https://twitter.com/MatrixAINetwork,
http://www.linkedin.com/company/matrixainetwork,
https://www.matrix.io/downloads/,EN
https://www.matrix.io/home_cn/index.html,中文
https://www.matrix.io/terms/index.html,TERMS &amp;<br />CONDITIONS
https://www.matrix.io/uploads/file/Matrix AI Network Token Swap Manual V1.3 (English).pdf,Download
https://www.matrix.io/uploads/file/MATRIX_Online_Wallet_Manual.pdf,Download
https://www.matrix.io/uploads/file/MATRIX_Blockchain_Browser_Guide.pdf,Download
https://www.matrix.io/uploads/file/Matrix_AI_Network_Port_50505_Opening_Guide.pdf,Download
https://www.matrix.io/uploads/file/gman(windows).zip,Download
https://www.matrix.io/uploads/file/gman(mac).zip,Download
https://t.me/matrixainetwork,
https://medium.com/@matrixainetwork,
https://www.reddit.com/r/THEMATRIXAI/,
https://www.facebook.com/MatrixAINetworks,
https://twitter.com/MatrixAINetwork,
http://www.linkedin.com/company/matrixainetwork,
https://bitcointalk.org/index.php?topic=2669586,
https://github.com/MatrixAINetwork,
https://www.youtube.com/channel/UCA8O5qOg0nVyd-L7RaOrmUw,
mailto:%20public@matrix.io,
https://discord.gg/75qvp7N,
